horizon,test_hours,coverage,reference_baseline,reference_mae,naive_1h,naive_24h,naive_168h,random_forest,xgboost,best_model,best_mae,improvement
1,7789,0.8892,naive_1h,0.4131,0.4131,0.573,0.5855,0.343,0.353,random_forest,0.343,0.1697
2,7785,0.8887,naive_24h,0.573,,0.573,0.5854,,0.4332,xgboost,0.4332,0.244
3,7781,0.8882,naive_24h,0.5731,,0.5731,0.5854,,0.4591,xgboost,0.4591,0.1989
4,7777,0.8878,naive_24h,0.573,,0.573,0.5855,,0.4716,xgboost,0.4716,0.177
5,7773,0.8873,naive_24h,0.5729,,0.5729,0.5857,,0.4685,xgboost,0.4685,0.1822
6,7769,0.8869,naive_24h,0.5728,,0.5728,0.5857,,0.47,xgboost,0.47,0.1795
7,7765,0.8864,naive_24h,0.5727,,0.5727,0.5858,,0.4675,xgboost,0.4675,0.1837
8,7761,0.886,naive_24h,0.5726,,0.5726,0.586,,0.4704,xgboost,0.4704,0.1785
9,7757,0.8855,naive_24h,0.5727,,0.5727,0.586,,0.4644,xgboost,0.4644,0.1891
10,7753,0.885,naive_24h,0.5729,,0.5729,0.5863,,0.466,xgboost,0.466,0.1866
11,7749,0.8846,naive_24h,0.573,,0.573,0.5865,,0.4656,xgboost,0.4656,0.1874
12,7745,0.8841,naive_24h,0.5731,,0.5731,0.5867,,0.4717,xgboost,0.4717,0.1769
13,7741,0.8837,naive_24h,0.573,,0.573,0.5868,,0.4709,xgboost,0.4709,0.1782
14,7737,0.8832,naive_24h,0.5731,,0.5731,0.5869,,0.4716,xgboost,0.4716,0.1771
15,7733,0.8828,naive_24h,0.5732,,0.5732,0.587,,0.4724,xgboost,0.4724,0.1759
16,7729,0.8823,naive_24h,0.5734,,0.5734,0.587,,0.47,xgboost,0.47,0.1803
17,7725,0.8818,naive_24h,0.5733,,0.5733,0.5868,,0.4705,xgboost,0.4705,0.1793
18,7721,0.8814,naive_24h,0.5732,,0.5732,0.5868,,0.4697,xgboost,0.4697,0.1806
19,7717,0.8809,naive_24h,0.5731,,0.5731,0.5868,,0.4708,xgboost,0.4708,0.1785
20,7713,0.8805,naive_24h,0.5728,,0.5728,0.5869,,0.4646,xgboost,0.4646,0.1889
21,7709,0.88,naive_24h,0.5727,,0.5727,0.5869,,0.4628,xgboost,0.4628,0.1919
22,7705,0.8796,naive_24h,0.5728,,0.5728,0.5869,,0.457,xgboost,0.457,0.2022
23,7701,0.8791,naive_24h,0.5728,,0.5728,0.5869,,0.4628,xgboost,0.4628,0.192
24,7697,0.8787,naive_24h,0.5729,,0.5729,0.5869,0.4611,0.4605,xgboost,0.4605,0.1962
